nom;titre;note;texte;formation;date
Camille A.;Enseignante;4;"En 30 jours j'ai arrêté de grignoter le soir. Julie explique sans culpabiliser.
Je recommande sans hésiter.";Atelier cuisine;01/01/2026
Nadia H.;Infirmière de nuit;5;"Enfin des conseils adaptés aux horaires décalés.";Programme 30 jours;02/02/2026
Thomas O.;Développeur;5;"Les recettes sont rapides et le groupe motive vraiment.";Atelier cuisine;03/03/2026
Inès V.;Coach sportive;5;"Un accompagnement bienveillant ; j'ai retrouvé de l'énergie.";Programme 30 jours;04/04/2026
Sophie C.;Maman de 3 enfants;4;"Toute la famille mange mieux. Les menus de la semaine m'ont sauvé la vie.";Atelier cuisine;05/05/2026
Léa J.;Comptable;5;"En 30 jours j'ai arrêté de grignoter le soir. Julie explique sans culpabiliser.";Programme 30 jours;06/06/2026
Hugo Q.;Étudiant;5;"Enfin des conseils adaptés aux horaires décalés.";Atelier cuisine;07/07/2026
Manon X.;Architecte;5;"Les recettes sont rapides et le groupe motive vraiment.";Programme 30 jours;08/08/2026
Lucas E.;Pharmacienne;4;"Un accompagnement bienveillant ; j'ai retrouvé de l'énergie.";Atelier cuisine;09/01/2026
Chloé L.;Cheffe de projet;5;"Toute la famille mange mieux. Les menus de la semaine m'ont sauvé la vie.
Je recommande sans hésiter.";Programme 30 jours;10/02/2026
Inès M.;Coach;6;Très bon accompagnement.;Programme 30 jours;02/03/2026
Emma Z.;Infirmière de nuit;5;"Enfin des conseils adaptés aux horaires décalés.";Programme 30 jours;12/04/2026
Louis G.;Développeur;4;"Les recettes sont rapides et le groupe motive vraiment.";Atelier cuisine;13/05/2026
Jade N.;Coach sportive;5;"Un accompagnement bienveillant ; j'ai retrouvé de l'énergie.";Programme 30 jours;14/06/2026
Gabriel U.;Maman de 3 enfants;5;"Toute la famille mange mieux. Les menus de la semaine m'ont sauvé la vie.";Atelier cuisine;15/07/2026
Alice B.;Comptable;5;"En 30 jours j'ai arrêté de grignoter le soir. Julie explique sans culpabiliser.";Programme 30 jours;16/08/2026
Arthur I.;Étudiant;4;"Enfin des conseils adaptés aux horaires décalés.";Atelier cuisine;17/01/2026
Lina P.;Architecte;5;"Les recettes sont rapides et le groupe motive vraiment.";Programme 30 jours;18/02/2026
Jules W.;Pharmacienne;5;"Un accompagnement bienveillant ; j'ai retrouvé de l'énergie.
Je recommande sans hésiter.";Atelier cuisine;19/03/2026
Rose D.;Cheffe de projet;5;"Toute la famille mange mieux. Les menus de la semaine m'ont sauvé la vie.";Programme 30 jours;20/04/2026
Adam K.;Enseignante;4;"En 30 jours j'ai arrêté de grignoter le soir. Julie explique sans culpabiliser.";Atelier cuisine;21/05/2026
Zoé R.;Infirmière de nuit;5;"Enfin des conseils adaptés aux horaires décalés.";Programme 30 jours;22/06/2026
Raphaël Y.;Développeur;5;"Les recettes sont rapides et le groupe motive vraiment.";Atelier cuisine;23/07/2026
Anna F.;Coach sportive;5;"Un accompagnement bienveillant ; j'ai retrouvé de l'énergie.";Programme 30 jours;24/08/2026
Paul M.;Maman de 3 enfants;4;"Toute la famille mange mieux. Les menus de la semaine m'ont sauvé la vie.";Atelier cuisine;25/01/2026
;;5;Un texte sans nom.;;
Victor A.;Étudiant;5;"Enfin des conseils adaptés aux horaires décalés.";Atelier cuisine;27/03/2026
Eva H.;Architecte;5;"Les recettes sont rapides et le groupe motive vraiment.
Je recommande sans hésiter.";Programme 30 jours;28/04/2026
Noé O.;Pharmacienne;4;"Un accompagnement bienveillant ; j'ai retrouvé de l'énergie.";Atelier cuisine;01/05/2026
Clara V.;Cheffe de projet;5;"Toute la famille mange mieux. Les menus de la semaine m'ont sauvé la vie.";Programme 30 jours;02/06/2026
Sacha C.;Enseignante;5;"En 30 jours j'ai arrêté de grignoter le soir. Julie explique sans culpabiliser.";Atelier cuisine;03/07/2026
Mila J.;Infirmière de nuit;5;"Enfin des conseils adaptés aux horaires décalés.";Programme 30 jours;04/08/2026
Tom Q.;Développeur;4;"Les recettes sont rapides et le groupe motive vraiment.";Atelier cuisine;05/01/2026
Lou X.;Coach sportive;5;"Un accompagnement bienveillant ; j'ai retrouvé de l'énergie.";Programme 30 jours;06/02/2026
Théo E.;Maman de 3 enfants;5;"Toute la famille mange mieux. Les menus de la semaine m'ont sauvé la vie.";Atelier cuisine;07/03/2026
Romane L.;Comptable;5;"En 30 jours j'ai arrêté de grignoter le soir. Julie explique sans culpabiliser.";Programme 30 jours;08/04/2026
Enzo S.;Étudiant;4;"Enfin des conseils adaptés aux horaires décalés.
Je recommande sans hésiter.";Atelier cuisine;09/05/2026
Margaux Z.;Architecte;5;"Les recettes sont rapides et le groupe motive vraiment.";Programme 30 jours;10/06/2026
Axel G.;Pharmacienne;5;"Un accompagnement bienveillant ; j'ai retrouvé de l'énergie.";Atelier cuisine;11/07/2026
Paul D.;;4;;Atelier cuisine;35/08/2026
Maël U.;Enseignante;4;"En 30 jours j'ai arrêté de grignoter le soir. Julie explique sans culpabiliser.";Atelier cuisine;13/01/2026
Juliette B.;Infirmière de nuit;5;"Enfin des conseils adaptés aux horaires décalés.";Programme 30 jours;14/02/2026
Robin I.;Développeur;5;"Les recettes sont rapides et le groupe motive vraiment.";Atelier cuisine;15/03/2026
Elsa P.;Coach sportive;5;"Un accompagnement bienveillant ; j'ai retrouvé de l'énergie.";Programme 30 jours;16/04/2026
Simon W.;Maman de 3 enfants;4;"Toute la famille mange mieux. Les menus de la semaine m'ont sauvé la vie.";Atelier cuisine;17/05/2026
Iris D.;Comptable;5;"En 30 jours j'ai arrêté de grignoter le soir. Julie explique sans culpabiliser.
Je recommande sans hésiter.";Programme 30 jours;18/06/2026
Oscar K.;Étudiant;5;"Enfin des conseils adaptés aux horaires décalés.";Atelier cuisine;19/07/2026
Nina R.;Architecte;5;"Les recettes sont rapides et le groupe motive vraiment.";Programme 30 jours;20/08/2026
Malo Y.;Pharmacienne;4;"Un accompagnement bienveillant ; j'ai retrouvé de l'énergie.";Atelier cuisine;21/01/2026
Lola F.;Cheffe de projet;5;"Toute la famille mange mieux. Les menus de la semaine m'ont sauvé la vie.";Programme 30 jours;22/02/2026
